0, "android_top_new_free", "iphone_grossing", "iphone_free", "android_paid", "iphone_paid", "android_grossing", "android_free", "android_top_new_paid"
1, "Fanatical Football", "Candy Crush Saga", "Bitstrips", "SwiftKey Keyboard", "Backflip Madness", "Candy Crush Saga", "Facebook", "Rabbids Big Bang"
2, "Plants vs. Zombies™ 2", "Clash of Clans", "Star Wars: Tiny Death Star", "Minecraft - Pocket Edition", "Duck Dynasty®: Battle of the Beards", "Pet Rescue Saga", "Pandora® internet radio", "Pocket Harvest"
3, "Westbound", "Pandora Radio", "Call of Duty®", "Titanium Backup PRO Key ★ root", "Rayman Fiesta Run", "Clash of Clans", "Instagram", "Call of Duty®: Strike Team"
4, "Jelly Splash", "Game of War - Fire Age", "QuizUp: The biggest trivia game in the world!", "Nova Launcher Prime", "Angry Birds Star Wars II", "The Hobbit: Kingdoms", "Candy Crush Saga", "Justin.tv"
5, "Dragon Realms", "Pet Rescue Saga", "NinJump Rooftops", "Beautiful Widgets Pro", "Plague Inc.", "The Simpsons™: Tapped Out", "Bitstrips", "Skip-Bo™"
6, "Lines Classic", "The Simpsons™: Tapped Out", "Facebook", "Root Explorer", "Minecraft – Pocket Edition", "MARVEL War of Heroes", "Facebook Messenger", "TeamSpeak 3"
7, "Where&#39;s My Water? 2", "Hay Day", "Deer Hunter 2014", "Poweramp Full Version Unlocker", "Afterlight", "Jackpot Party Casino - Slots", "Clean Master (Cleaner) - FREE", "Scan - QR and Barcode Reader"
8, "Baby Pet Vet Doctor", "MARVEL War of Heroes", "Snapchat", "ROM Manager (Premium)", "Emoji Emoticons Pro — Best Emojis Emoticon Keyboard with Text Tricks for SMS, Facebook and Twitter", "DEER HUNTER 2014", "Super-Bright LED Flashlight", "Random Heroes"
9, "War of Tanks", "Big Fish Casino – Free Slots, Blackjack, Roulette, Poker and More!", "YouTube", "Swype Keyboard", "Free Music Download Pro - Mp3 Downloader", "BINGO Blitz - FREE Bingo+Slots", "Netflix", "Switchr Pro Key"
10, "BBM", "Slotomania - FREE Slots", "Ab Workouts Free", "ROM Toolbox Pro", "Motocross Elite", "Castle Clash", "Snapchat", "Monster Loves You!"
11, "Greed for Glory: Dragon Cities", "Deer Hunter 2014", "Instagram", "FoxFi Key (supports PdaNet)", "Heads Up!", "Slotomania - FREE Slots", "Skype - free IM &amp; video calls", "Hotel Transylvania Dash Deluxe"
12, "Bubble Shooter", "DragonVale", "Candy Crush Saga", "HD Widgets", "My Talking Pet", "Jackpot Slots - Slot Machines", "Kik Messenger", "Truck VS Trail"
13, "War of Clans - Rage of Dragons", "Zoosk - #1 dating app", "Groupon", "TuneIn Radio Pro", "Knock – unlock your Mac without typing a thing. Your iPhone is the password.", "Puzzle &amp; Dragons", "Twitter", "Drift Mania: Street Outlaws"
14, "DEAD TRIGGER 2", "Kingdoms of Camelot: Battle for the North", "Word Scramble™", "Plants vs. Zombies™", "LEGO® The Lord of the Rings™", "Pandora® internet radio", "Pet Rescue Saga", "Ghost Toasters - Regular Show"
15, "Farm Story: Thanksgiving", "The Hobbit: Kingdoms of Middle-earth", "Twitter", "WeatherBug Elite", "Bloons TD 5", "Crime City (Action RPG)", "ZEDGE™", "I, Gladiator"
16, "Hotel Transylvania Dash", "Kingdom Age", "Google Maps", "Tasker", "Fantastical 2", "Blood Brothers (RPG)", "eBay", "FlashFox Pro - Flash Browser"
17, "Hello Kitty Cafe Seasons", "GSN Casino – Wheel of Fortune Slots, Deal or No Deal Slots, Video Bingo and more", "3D Trucker Parking Simulator Game - Real Fun Truck Driving Test Run Car Park Sim Addictive Racing Games Free", "Camera ZOOM FX", "Free Music Download Pro - Downloader and Player", "Slot City - Free Casino Slots", "Fanatical Football", "ThyrusHolo KIT KAT Light Theme"
18, "Archery Tournament", "DoubleDown Casino - FREE Slots, Blackjack &amp; Video Poker", "Black Friday by BradsDeals", "SoundHound ∞", "PicPlayPost", "DoubleDown Casino - FREE Slots", "Subway Surfers", "GetCrocked"
19, "Thor: TDW - The Official Game", "CSR Classics", "Pandora Radio", "OfficeSuite Pro 7 (PDF &amp; HD)", "Ultra Fitness", "Megapolis", "WhatsApp Messenger", "FLATASTICO APEX/NOVA/GO THEME"
20, "Halloween SPA - kids games", "Skype for iPhone", "Pimp My Keyboard", "Smart Tools", "Oldify 2", "Fantasica", "Plants vs. Zombies™ 2", "Annoying Orange: Splatter Up!"
21, "Kids Hair Salon - kids games", "Poker by Zynga", "Google Search", "XDA Premium", "TETRIS®", "Modern War - World Domination", "DEER HUNTER 2014", "Umbra - Icon Pack"
22, "Grand Theft Auto: iFruit", "The Sims™ FreePlay", "Waze Social GPS, Maps &amp; Traffic", "Need for Speed™ Most Wanted", "Pixel Gun 3D - Block World Pocket Survival Shooter with Skins Maker for minecraft (PC edition) &amp; Multiplayer", "Knights &amp; Dragons", "Westbound", "Wake the Cat"
23, "Slots™: Haunted Halloween", "Bejeweled Blitz", "Vine", "Torque Pro (OBD 2 &amp; Car)", "Sleep Cycle alarm clock", "Age of Warring Empire", "Yahoo Mail", "Mystery on Telescope Hill"
24, "Pet Monster: Gem Shooter", "Jelly Splash", "myVEGAS Slots", "Bloons TD 5", "ProCamera 7", "Bingo Bash - Free Bingo Casino", "Tango Messenger", "Type:Rider"
25, "NIGHTBIRD TRIGGER X", "Puzzle &amp; Dragons (English)", "Crazy Shave - Free games", "The Walking Dead: Assault", "Camera+", "Dark Summoner", "Shazam", "Headless"
26, "Thor: Champions of Asgard", "Jackpot Party Casino - Slots", "Macy’s Star Gifts", "Where&#39;s My Water?", "Flipagram", "Westbound", "Despicable Me", "Flight Unlimited Las Vegas"
27, "Real Steel World Robot Boxing", "Modern War", "Cartwheel by Target", "Tapatalk Pro", "Magicka", "Rage of Bahamut", "Temple Run 2", "iDrumTech Drum Tuner"
28, "Celebrity SPA - girls games", "Dragon City Mobile", "Dots: A Game About Connecting", "SuperSU Pro", "TurboScan: quickly scan multipage documents into high-quality PDFs", "Jungle Heat", "Photo Grid - Collage Maker", "Download All Music"
29, "Car Wash &amp; Design", "CSR Racing", "WhatsApp Messenger", "Shazam Encore", "Kick the Buddy: Second Kick", "Kingdoms of Camelot: Battle", "Jelly Splash", "30 Day Fitness Challenges"
30, "Tiny Hero", "Bingo Bash - Free Bingo Casino", "Emoji&gt;", "Pocket Casts", "Angry Birds", "Dragons of Atlantis: Heirs", "Amazon Mobile", "Lightning Launcher eXtreme"
31, "Stack Rabbit", "Legend of the Cryptids", "Gmail - email from Google", "Fruit Ninja", "7 Minute Workout Challenge", "GSN Casino FREE Slots &amp; Bingo", "iHeartRadio – Internet Radio", "Kids Doodle - Color Draw - Pro"
32, "Google Opinion Rewards", "Underworld Empire", "Despicable Me: Minion Rush", "My Backup Pro", "Bejeweled", "Empire: Four Kingdoms", "Dragon Realms", "Military Survival GPS MGRS"
33, "Bubble Shooter Paradise", "Megapolis", "Battle Run S2 - Real Time Multiplayer Race", "Plex for Android", "iTheme - Themes for iPhone, iPad and iPod Touch", "Zynga Poker", "The Weather Channel", "ThyrusHolo KIT KAT Black Theme"
34, "Pet Shop Story: Halloween", "Crime City", "Asphalt 8: Airborne", "Grand Theft Auto III", "Angry Birds Star Wars", "Live Hold&#39;em Poker Pro", "Vine", "Kids Sight Words"
35, "Ultraman Galaxy", "Grindr Xtra - Gay, same sex, bi, social network to chat and meet guys", "4 Pics 1 Song", "WolframAlpha", "Justin.tv", "Big Fish Casino", "Adobe AIR", "Vintique by GMYStudio"
36, "ESPN Fantasy Basketball", "Reign of Dragons", "QR Reader for iPhone", "PicSay Pro - Photo Editor", "Scribblenauts Remix", "The Sims™ FreePlay", "Pinterest", "Principia"
37, "Mechs vs Aliens", "Dragons of Atlantis: Heirs of the Dragon", "Facebook Messenger", "SuperGNES (SNES Emulator)", "Ultimate Guitar Tabs - largest catalog of songs with guitar and ukulele chords, tabs and lyrics", "DragonVale", "Adobe Reader", "Ittle Dew"
38, "One Clue", "Minecraft – Pocket Edition", "Skype for iPhone", "DocumentsToGo Full Version Key", "Fruit Ninja", "Slots - Pharaoh&#39;s Way", "Angry Birds", "Battlefield BF4 Stats Premium"
39, "Pets Nail Salon - kids games", "War of Nations™", "GarageBand", "Apex Launcher Pro", "THE GAME OF LIFE Classic Edition", "Dragon City", "Google Translate", "Thanksgiving Gravity Wallpaper"
40, "Baby Dream House", "Tap Paradise Cove", "Kik Messenger", "Osmos HD", "Terraria", "CSR Racing", "Google Earth", "Goodnight Mo Bedtime Book"
41, "Dental Braces - Oral Surgery", "BINGO Blitz - FREE Bingo + Slots", "Juice Cubes", "World of Goo", "Toca Hair Salon 2", "Minecraft - Pocket Edition", "TuneIn Radio", "DiskDigger Pro (root)"
42, "Sudoku Master", "Slots - Pharaoh&#39;s Way", "Bugs and Buttons 2", "Angry Birds Star Wars II", "Grand Theft Auto: Vice City", "Spartan Wars: Empire of Honor", "Dumb Ways to Die", "Doodle Devil™ HD"
43, "Ice Smoothies Maker", "Rage of Bahamut", "Free Music Download - Mp3 Downloader", "Cut the Rope", "Cut the Rope", "NBA Game Time 2013-2014", "Lines Classic", "Galaga Tribute"
44, "Lep&#39;s World 3", "Rdio", "InstaCollage Pro - Pic Frame &amp; Photo Collage &amp; Caption Editor for Instagram FREE", "Ultimate Guitar Tabs &amp; Chords", "A Beautiful Mess", "Plants vs. Zombies™ 2", "Castle Clash", "Papa&#39;s Freezeria HD"
45, "F18 3D Fighter jet simulator", "Candy Blast Mania", "Find My iPhone", "ezPDF Reader - Multimedia PDF", "Blocky Roads", "Fast &amp; Furious 6: The Game", "Bible", "Neon Shadow"
46, "Jewels Bird Rescue", "Castle Age HD", "Pinterest", "My Boy! - GBA Emulator", "Plants vs. Zombies", "Slot Machines by IGG", "Hard Time (Prison Sim)", "EMPIRE: Deck Building Strategy"
47, "Escape The Titanic", "Despicable Me: Minion Rush", "Lose It! – Weight Loss Program and Calorie Counter", "Paper Camera", "Survivalcraft", "Best Casino - Slot Machines", "PicsArt - Photo Studio", "Color Zen Kids"
48, "Disney&#39;s Ghosts of Mistwood", "MLB.com At Bat", "Football Heroes", "Survivalcraft", "Animated Emoji Keyboard &amp; Emoticon Pop Icons for iMessage, Whatsapp, Skype Etc.", "Subway Surfers", "GO SMS Pro", "Zombie Kong World"
49, "Polara Full Free", "NBA Game Time 2013-2014", "BBM", "GrooVe IP - Free Calls + Text", "iMovie", "HellFire: The Summoning", "Solitaire", "Centipede Strike"
50, "Photo Collage Maker", "OkCupid Dating", "Pet Rescue Saga", "Light Flow - LED&amp;Notifications", "Tweetbot 3 for Twitter (iPhone &amp; iPod touch)", "Slots - House of Fun", "Fruit Ninja Free", "Build A Bear Bear Valley"
51, "Sniper - Shooting games", "Star Wars: Tiny Death Star", "Shazam", "SetCPU for Root Users", "NFL Quarterback 13", "DH Texas Poker", "Groupon - Daily Deals, Coupons", "The Moth"
52, "Wedding Salon", "Racing Rivals", "Emoji Free Emoticon Keyboard for Facebook, WhatsApp &amp; Kik Messenger", "Grand Theft Auto: Vice City", "Infinity Blade III", "Shipwrecked: Lost Island", "Hill Climb Racing", "Lifeboat VIP"
53, "Hidden Object: Happy Halloween", "FIFA 14 by EA SPORTS", "SoundCloud - Music &amp; Audio Discovery", "Kingdom Rush Frontiers", "Doodle Jump", "MADDEN NFL 25 by EA SPORTS™", "Dropbox", "Cyrcle Icon Theme Apex Nova Go"
54, "Call of Duty®", "Rayman Fiesta Run", "Netflix", "Angry Birds Space Premium", "Kick the Buddy: No Mercy", "Transformers Legends", "Flow Free", "FIST OF AWESOME"
55, "Golden Kingdom", "SCRUFF: Gay app for chat, dating, and social networking with guys worldwide", "Starbucks", "HaxSync for Facebook", "Akinator the Genie", "D.O.T. Defender of Texel (RPG)", "Where&#39;s My Water? 2", "10"
56, "Zombie Hunter", "Campus Life™", "Spotify", "MX Player Pro", "NBA JAM by EA SPORTS™", "Jurassic Park™ Builder", "SoundCloud - Music &amp; Audio", "Snow Slopes"
57, "The Blockheads", "FANTASICA -TCG card game-", "PBA® Bowling Challenge", "RealCalc Plus", "Pou", "Comics", "Texas HoldEm Poker Deluxe", "Roku&#39;s Zooper Collection"
58, "Temple FUN", "Sing! Karaoke by Smule", "Enchanted Spa Salon - A Magical Fairy Tale Princess Makeover Adventure", "WidgetLocker Lockscreen", "Facetune", "Ayakashi: Ghost Guild", "Spotify", "Luxuria Superbia"
59, "Monster Salon", "Madden NFL 25 by EA SPORTS™", "RetailMeNot Coupons", "Zombie Gunship", "MONOPOLY", "Slot Galaxy HD Slot Machines", "Angry Birds Star Wars II Free", "Ultimate N64 Emulator"
60, "Bitstrips Viewer", "Avengers Alliance", "Fast Camera", "AccuWeather Platinum", "cPRO+ craigslist client with Notifications for iPhone and iPod", "Bejeweled Blitz", "ooVoo Video Call, Text &amp; Voice", "MoboPlayer Pro"
61, "Electro Girl (Card Battle)", "War of Legions", "Free Music Download - Downloader and Player", "FlightTrack", "Earn to Die", "Little Empire", "Chrome Browser - Google", "Haunted Escape"
62, "Block Gun 3D - Minecraft Style", "Magic Piano by Smule", "Dumb Ways to Die", "Helium (Premium)", "Angry Birds Space", "Dragon Story: Halloween", "Chase Mobile", "Construction City no ads"
63, "Neon Climb Race ❤❤❤", "Battle Camp", "Emoticon &amp; Emoji Keyboard &amp; Photo Graffiti - Chatting on Whatsapp,Twitter,Zoosk Etc.", "Exchange by TouchDown Key", "Fitness Buddy : 1700+ Exercise Workout Journal", "Kingdoms at War", "Slots Fever - FREE Slots", "McMyAdmin Mobile"
64, "Brandmania - Hidden Objects", "Slacker Radio", "eBay", "PrinterShare™ Premium Key", "Where&#39;s My Mickey?", "Reign of Dragons: Build-Battle", "Brightest Flashlight Free ®", "Jungle Lord Tanzania Slot Game"
65, "Slots - Journey of Magic", "Jewel Mania™", "iHeartRadio - Free Music &amp; Internet Radio", "SketchBook Mobile", "Sky Guide: View Stars Night or Day", "Legend of the Cryptids", "Google Drive", "Phase 10 Dice™"
66, "ZombieBooth 2", "Fast &amp; Furious 6: The Game", "Amazon Mobile", "Modern Combat 4: Zero Hour", "Doctor Who: Sonic Screwdriver (Official)", "Slots Fever - FREE Slots", "ScoreCenter", "Burn The Lot"
67, "Halloween Salon", "Bubble Mania™", "Perfect365 - Face Makeup Editor, Beauty Enhancer &amp; Fashion Artist", "Endomondo Sports Tracker PRO", "Emoji ;)", "Marvel Puzzle Quest Dark Reign", "Craigslist Mobile", "PEN Window Launcher"
68, "FFXIV: LIBRA EORZEA", "STAR WARS FORCE COLLECTION", "Viber", "A.I.type Keyboard  Plus", "HotSchedules", "Galaxy Legend", "Bank of America", "Pure HDR Camera Pro"
69, "How to use Bitstrips Free Apps", "High School Story", "Thor: The Dark World - The Official Game", "Where&#39;s My Perry?", "MotionX GPS Drive", "Despicable Me", "NFL Mobile", "Marble Legend Pro"
70, "5 Colors", "Knights &amp; Dragons: Dark Kingdom", "Chrome", "Next Launcher 3D", "TuneIn Radio Pro", "Legend Online", "Words With Friends Free", "Kaleidoscope Magic Pad - Pro"
71, "NYC Marathon", "Plants vs. Zombies™ 2", "Flashlight Ⓞ", "Solid Explorer Unlocker", "Photon Flash Player for iPhone - Flash Video &amp; Games plus Private Web Browser", "Real Racing 3", "AntiVirus Security - FREE", "Strategy &amp; Tactics:USSR vs USA"
72, "Halloween Costume Party", "Samurai Siege", "What&#39;s the Word? - Word Puzzle Quiz FREE", "Temple Run: Oz", "Grand Theft Auto III", "Monster Warlord", "textPlus Free Text + Calls", "Swipe Block"
73, "Retale - Weekly Ads &amp; Deals", "Comics", "8 Ball Pool™", "PlayerPro Music Player", "Honk - Find Car, Parking Meter Alarm and Nearby Places", "Caesars Slots", "Bingo Fever - Free Bingo Game", "Real Space 3D Pro lwp"
74, "Scary Tribes", "Injustice: Gods Among Us", "Baby Pet Vet Doctor - kids games", "JuiceDefender Ultimate", "InstaCollage Pro - Pic Frame &amp; Photo Collage &amp; Caption Editor for Instagram", "Bubble Witch Saga", "Kindle", "Mic Block -Call speech privacy"
75, "Weaphones WW2: Gun Sim Free", "NYTimes", "OpenTable", "Zooper Widget Pro", "Bad Piggies", "Bingo Fever - Free Bingo Game", "Barcode Scanner", "Weight Scale"
76, "Block Gun 3D: Haunted Hollow", "Infinity Blade III", "Nose Doctor! - Free games", "Asphalt 7: Heat", "Kingdom Rush Frontiers", "Greed for Glory: War Strategy", "Viber", "Roms PREMIUM"
77, "Crazy Parking Truck King 3D", "Texas Poker", "CSR Classics", "tTorrent Pro - Torrent Client", "Witness Driving", "Golf Star™", "AntiVirus &amp; Security | Lookout", "Blitz PRO (Icon Pack)"
78, "Slotoworld - Slot Machines", "eHarmony", "iTube FREE : Playlist Manager for Youtube", "Rayman Jungle Run", "Temple Run: Oz", "Samurai Siege", "Baby Pet Vet Doctor", "SING TO JEHOVAH"
79, "Mahjong 2 Classroom", "MotionX GPS Drive", "Big Business Deluxe", "Contra: Evolution", "The Impossible Game", "Jackpot Bingo -Free Bingo Game", "Ringtone Maker", "KitKat 4.4 Premium Multi Theme"
80, "Star Girl: Halloween", "Kingdoms at War", "LinkedIn", "Tasks", "Tiny Wings", "NFL Matchups LIVE", "Ralph&#39;s World", "Holo Text Clock"
81, "Libii Hospital", "Caesars Slots", "Lumosity Mobile", "BetterBatteryStats", "Lep&#39;s World 3", "Virtual Families 2", "Word Search Puzzles", "Scoop - Excavator"
82, "Texas Poker Mania", "Castle Clash by IGG", "Dropbox", "Ruzzle", "Couch-to-5K", "FoxFi Key (supports PdaNet)", "GO SMS Pro Emoji Plugin", "Emoji Expressions"
83, "Dice &amp; Friends", "LEGO® The Lord of the Rings™", "Yahoo", "SlingPlayer for Phones", "LEDit — The LED banner app", "Tiny Monsters", "Tumblr", "Paint Joy Pro"
84, "Free Music Mp3 Downloader", "myVEGAS Slots", "Yahoo Mail", "HotSchedules", "Sorcery! 2", "OkCupid Dating", "Wells Fargo Mobile", "Pet Rescue S. - Full Lives"
85, "iPhone 5S iOS 7 Lock Screen", "Bloons TD 5", "Google Translate", "Wipeout", "IMPOSSIBLE ROAD", "Texas HoldEm Poker Deluxe", "Google Voice", "The ORPHEUS Ruse"
86, "Spider Guy", "Real Racing 3", "Batman: Arkham Origins", "IP Cam Viewer Pro", "Superimpose", "Monster Match", "MADDEN NFL 25 by EA SPORTS™", "BigStrong6, Top Position Plan"
87, "Dragon Era - Slots Adventure", "Slots by Jackpotjoy", "Jelly Splash", "FPse for android", "Over", "MeetMe - Meet New People", "Tiny Flashlight + LED", "Coogle Zooper Theme"
88, "Fun Monster Truck Race 2", "Slots - House of Fun", "Clash of Clans", "Moon+ Reader Pro", "Pathogen", "The Tribez", "Temple Run", "Xposed Additions Pro"
89, "Nomorerack", "CastleVille Legends", "Tango Text, Voice &amp; Video", "The Room", "Contra: Evolution", "Hill Climb Racing", "Pou", "Russian TV"
90, "iPhone 5S Launcher Theme", "Immortalis", "MP3 Music Downloader Free", "AirSync: iTunes Sync &amp; AirPlay", "WolframAlpha", "Jelly Splash", "Speedtest.net", "Light Drops Pro Live Wallpaper"
91, "IQ Test Saga", "My Singing Monsters", "Stack Rabbit", "GO Launcher Prime", "Bike Race Pro", "myVEGAS Slots", "Bike Race Free - Top Free Game", "Digital Scale"
92, "Pirates! Showdown Full Free", "MY LITTLE PONY - Friendship is Magic", "Sing! Karaoke by Smule", "SketchBook Pro", "Sid Meier’s Ace Patrol: Pacific Skies", "Bloons TD 5", "TETRIS®", "Fishdom Spooky HD (Full)"
93, "Droid Sky View", "Bingo!™", "Craigslist.", "Riptide GP2", "MotionX 24/7: Sleep Cycle Alarm, Snore, Apnea, Heart Rate Monitor, Weight Loss, Activity Tracker", "G.I. JOE: BATTLEGROUND", "NBA Game Time 2013-2014", "Ultimate Sound Control Pro"
94, "Moe Girl Cafe", "Dragon Story™", "Magic Piano by Smule", "Mobile AntiVirus Security PRO", "Multiplayer for Minecraft PE", "FIFA 14 by EA SPORTS™", "Emoji Keyboard", "Sammy S Mode"
95, "Land of the Dead", "Knock – unlock your Mac without typing a thing. Your iPhone is the password.", "Tumblr", "Granny Smith", "Flight Unlimited Las Vegas", "Pocket Fort", "Firefox Browser for Android", "Haunted House"
96, "Textfree With Voice Calling", "New Scramble With Friends Free", "Podcasts", "Nox (adw apex nova icons)", "PhotoToaster - Photo Editor, Filters, Effects and Borders for Instagram and Facebook Pictures", "Bike Race Free - Top Free Game", "LinkedIn", "COD Ghosts Live Wallpaper"
97, "Gun Club 3: Virtual Weapon Sim", "Subway Surfers", "Plants vs. Zombies™ 2", "Trickster MOD Donate Key", "TitleFx - Caption Photos, Make Flyers and Write on Pictures with Cool Fonts, Effects and Colors", "SwiftKey Keyboard", "Coin Dozer", "Even Up"
98, "Malwarebytes Anti-Malware", "Plague Inc.", "Lep&#39;s World 3 - Free", "Wreck-it Ralph", "Words With Friends", "Battle Alert", "Hulu Plus", "Dolphin Emulator Pro Alpha"
99, "Fields of Battle", "Angry Birds Star Wars II", "Subway Surfers", "Flick Golf!", "Flick Home Run !", "Animal Voyage:Island Adventure", "Movies by Flixster", "Kingdom Builder"
100, "Bubble Match Birzzle Full Free", "Juice Cubes", "Ibotta - Cash, Not Coupons", "MONOPOLY Millionaire", "Car Minder Plus - Car Maintenance and Gas Log (MPG)", "Tagged - Meet New People", "Advanced Task Killer", "BigStrong7, Bottom Position"
